{"cameraMode":{"drawMode":0,"name":"Shaded","section":"Shading Mode"},"sceneLighting":true,"audioPlay":false,"sceneViewState":{"m_AlwaysRefresh":false,"showFog":true,"showSkybox":true,"showFlares":true,"showImageEffects":true,"showParticleSystems":true,"showVisualEffectGraphs":true,"m_FxEnabled":true},"in2DMode":false,"pivot":{"x":5.907412528991699,"y":56.340904235839847,"z":14.446294784545899},"rotation":{"x":-0.18032048642635346,"y":-0.08566143363714218,"z":0.015758531168103219,"w":-0.9798017740249634},"size":86.53836059570313,"orthographic":false}