{"cameraMode":{"drawMode":0,"name":"Shaded","section":"Shading Mode"},"sceneLighting":false,"audioPlay":false,"sceneViewState":{"m_AlwaysRefresh":false,"showFog":true,"showSkybox":false,"showFlares":true,"showImageEffects":true,"showParticleSystems":true,"showVisualEffectGraphs":true,"m_FxEnabled":true},"in2DMode":false,"pivot":{"x":-0.008281665854156018,"y":0.033504877239465716,"z":0.09122127294540405},"rotation":{"x":0.003163313725963235,"y":0.974030077457428,"z":-0.22600869834423066,"w":0.013637593016028405},"size":0.4902578592300415,"orthographic":false}